{
  "custom": {},
  "params": {
    "Station_Number": 1
  },
  "propConfig": {
    "params.Station_Number": {
      "paramDirection": "input",
      "persistent": true
    }
  },
  "props": {
    "defaultSize": {
      "height": 1105,
      "width": 1199
    }
  },
  "root": {
    "children": [
      {
        "children": [
          {
            "children": [
              {
                "meta": {
                  "name": "Vessel"
                },
                "position": {
                  "basis": "350px"
                },
                "propConfig": {
                  "props.value.value": {
                    "binding": {
                      "config": {
                        "fallbackDelay": 2.5,
                        "mode": "indirect",
                        "references": {
                          "Station_Number": "{view.params.Station_Number}"
                        },
                        "tagPath": "[BiP_RTP]Station_{Station_Number}/tank_capacity"
                      },
                      "type": "tag"
                    }
                  }
                },
                "props": {
                  "label": {
                    "location": "top"
                  },
                  "style": {
                    "classes": "text/Data"
                  },
                  "value": {
                    "style": {
                      "classes": "text/Data"
                    }
                  }
                },
                "type": "ia.symbol.vessel"
              },
              {
                "meta": {
                  "name": "FlexRepeater"
                },
                "position": {
                  "basis": "200px"
                },
                "propConfig": {
                  "props.instances[0].value": {
                    "binding": {
                      "config": {
                        "fallbackDelay": 2.5,
                        "mode": "indirect",
                        "references": {
                          "Station_Number": "{view.params.Station_Number}"
                        },
                        "tagPath": "[BiP_RTP]Station_{Station_Number}/ph"
                      },
                      "type": "tag"
                    }
                  },
                  "props.instances[1].value": {
                    "binding": {
                      "config": {
                        "fallbackDelay": 2.5,
                        "mode": "indirect",
                        "references": {
                          "Station_Number": "{view.params.Station_Number}"
                        },
                        "tagPath": "[BiP_RTP]Station_{Station_Number}/temperature"
                      },
                      "type": "tag"
                    }
                  },
                  "props.instances[2].value": {
                    "binding": {
                      "config": {
                        "fallbackDelay": 2.5,
                        "mode": "indirect",
                        "references": {
                          "Station_Number": "{view.params.Station_Number}"
                        },
                        "tagPath": "[BiP_RTP]Station_{Station_Number}/viscosity"
                      },
                      "type": "tag"
                    }
                  }
                },
                "props": {
                  "direction": "column",
                  "elementStyle": {
                    "marginBottom": 10,
                    "marginTop": 10
                  },
                  "instances": [
                    {
                      "instancePosition": {},
                      "instanceStyle": {
                        "classes": ""
                      },
                      "name": "pH",
                      "unit": ""
                    },
                    {
                      "instancePosition": {},
                      "instanceStyle": {
                        "classes": ""
                      },
                      "name": "Temperature",
                      "unit": "°F"
                    },
                    {
                      "instancePosition": {},
                      "instanceStyle": {
                        "classes": ""
                      },
                      "name": "Viscosity",
                      "unit": "Pa-s"
                    }
                  ],
                  "justify": "space-around",
                  "path": "Templates/Data Card",
                  "useDefaultViewHeight": false,
                  "useDefaultViewWidth": false
                },
                "type": "ia.display.flex-repeater"
              }
            ],
            "meta": {
              "name": "Vessel Container"
            },
            "position": {
              "basis": "312px"
            },
            "props": {
              "direction": "column",
              "justify": "center"
            },
            "type": "ia.container.flex"
          },
          {
            "children": [
              {
                "meta": {
                  "name": "Pump"
                },
                "position": {
                  "basis": "200px"
                },
                "propConfig": {
                  "props.value.text": {
                    "binding": {
                      "config": {
                        "fallbackDelay": 2.5,
                        "mode": "indirect",
                        "references": {
                          "Station_Number": "{view.params.Station_Number}"
                        },
                        "tagPath": "[BiP_RTP]Station_{Station_Number}/pump_fault"
                      },
                      "transforms": [
                        {
                          "fallback": null,
                          "inputType": "scalar",
                          "mappings": [
                            {
                              "input": true,
                              "output": "Running"
                            },
                            {
                              "input": false,
                              "output": "Faulted"
                            }
                          ],
                          "outputType": "scalar",
                          "type": "map"
                        }
                      ],
                      "type": "tag"
                    }
                  }
                },
                "props": {
                  "label": {
                    "location": "top",
                    "style": {
                      "paddingBottom": "1vh"
                    }
                  },
                  "style": {
                    "classes": "text/Data"
                  },
                  "value": {
                    "style": {
                      "paddingTop": "1vh"
                    }
                  }
                },
                "type": "ia.symbol.pump"
              },
              {
                "meta": {
                  "name": "Valve"
                },
                "position": {
                  "basis": "200px"
                },
                "propConfig": {
                  "props.value.text": {
                    "binding": {
                      "config": {
                        "fallbackDelay": 2.5,
                        "mode": "indirect",
                        "references": {
                          "Station_Number": "{view.params.Station_Number}"
                        },
                        "tagPath": "[BiP_RTP]Station_{Station_Number}/valve_flow"
                      },
                      "transforms": [
                        {
                          "formatType": "numeric",
                          "formatValue": "##.## GPM",
                          "type": "format"
                        }
                      ],
                      "type": "tag"
                    }
                  }
                },
                "props": {
                  "label": {
                    "location": "top",
                    "style": {
                      "paddingBottom": "1vh"
                    }
                  },
                  "style": {
                    "classes": "text/Data"
                  },
                  "value": {
                    "style": {
                      "paddingTop": "1vh"
                    }
                  }
                },
                "type": "ia.symbol.valve"
              }
            ],
            "meta": {
              "name": "Pump and Valve Container"
            },
            "position": {
              "basis": "200px"
            },
            "props": {
              "direction": "column",
              "justify": "space-around",
              "style": {
                "paddingBottom": "5%",
                "paddingTop": "5%"
              }
            },
            "type": "ia.container.flex"
          }
        ],
        "meta": {
          "name": "Top Container"
        },
        "position": {
          "basis": "150px",
          "grow": 1
        },
        "props": {
          "justify": "space-evenly"
        },
        "type": "ia.container.flex"
      },
      {
        "meta": {
          "name": "AlarmStatusTable"
        },
        "position": {
          "basis": "250px"
        },
        "propConfig": {
          "props.filters.active.conditions.source": {
            "binding": {
              "config": {
                "expression": "\"*Station_\" + {view.params.Station_Number} + \"*\""
              },
              "type": "expr"
            }
          }
        },
        "props": {
          "columns": {
            "active": {
              "source": {
                "enabled": false
              }
            }
          },
          "filters": {
            "active": {
              "conditions": {}
            }
          },
          "toolbar": {
            "enabled": false
          }
        },
        "type": "ia.display.alarmstatustable"
      }
    ],
    "meta": {
      "name": "root"
    },
    "props": {
      "direction": "column"
    },
    "type": "ia.container.flex"
  }
}