{
  "custom": {},
  "params": {},
  "props": {
    "defaultSize": {
      "height": 842,
      "width": 1076
    }
  },
  "root": {
    "children": [
      {
        "meta": {
          "name": "EmbeddedView"
        },
        "position": {
          "basis": "320px"
        },
        "props": {
          "params": {
            "Station_Number": 1
          },
          "path": "Templates/Overview Vessel",
          "useDefaultViewHeight": true
        },
        "type": "ia.display.view"
      },
      {
        "meta": {
          "name": "EmbeddedView_0"
        },
        "position": {
          "basis": "320px"
        },
        "props": {
          "params": {
            "Station_Number": 2
          },
          "path": "Templates/Overview Vessel",
          "useDefaultViewHeight": true
        },
        "type": "ia.display.view"
      },
      {
        "meta": {
          "name": "EmbeddedView_1"
        },
        "position": {
          "basis": "320px"
        },
        "props": {
          "params": {
            "Station_Number": 3
          },
          "path": "Templates/Overview Vessel",
          "useDefaultViewHeight": true
        },
        "type": "ia.display.view"
      }
    ],
    "meta": {
      "name": "root"
    },
    "props": {
      "alignItems": "center",
      "justify": "center"
    },
    "type": "ia.container.flex"
  }
}